AF1007,Kursnamn,,2016
AG1421,Kursnamn,,2016
AI101X,Kursnamn,,2016
AI105X,Kursnamn,,2016
AI106X,Kursnamn,,2016
AI107X,Kursnamn,,2016
AI1108,Investeringsanalys,TRUE,2016
AI1125,,TRUE,2016
AI1126,Samhällsbyggnadsprocessen,TRUE,2016
AI1127,Kursnamn,TRUE,2016
AI1128,Samhällsbyggnadsekonomi,TRUE,2016
AI1134,Kapitalmarknader och finansiella instrument,TRUE,2016
AI1141,Kreditbedömning,TRUE,2016
AI1142,Finansiell rapportering och analys,TRUE,2016
AI1144,Fastighetsfinansiering och -investering,TRUE,2016
AI1145,Ekonomisk Fastighetsförvaltning,TRUE,2016
AI1146,Kursnamn,TRUE,2016
AI1147,Fastighetsvärdering,TRUE,2016
AI1148,Kursnamn,TRUE,2016
AI1170,Relationsmarknadsföring och marknadsanalys,TRUE,2016
AI1171,Management och etik,TRUE,2016
AI1172,Kursnamn,,2016
AI1173,Kursnamn,,2016
AI1174,Kursnamn,TRUE,2016
AI1175,,TRUE,2016
AI1177,,,2016
AI1178,Tillämpad matematik och statistik för ekonomer,TRUE,2016
AI1509,Allmän fastighetsrätt,TRUE,2016
AI150X,Kursnamn,,2016
AI1512,Kredit & obeståndsrätt,TRUE,2016
AI1515,Kursnamn,TRUE,2016
AI1516,Kursnamn,TRUE,2016
AI1517,Kursnamn,TRUE,2016
AI1518,Kursnamn,TRUE,2016
AI1519,Speciell fastighetsrätt,TRUE,2016
AI1520,Kursnamn,TRUE,2016
AI1521,Kursnamn,TRUE,2016
AI1522,Kursnamn,TRUE,2016
AI1523,Kursnamn,TRUE,2016
AI1524,Kursnamn,TRUE,2016
AI1550,Juridisk översiktskurs,TRUE,2016
AI161X,Kursnamn,,2016
AI206X,Kursnamn,,2016
AI2102,Kursnamn,TRUE,2016
AI2106,Kursnamn,TRUE,2016
AI2114,Företags- och fastighetsbeskattning,TRUE,2016
AI2117,Kursnamn,TRUE,2016
AI2127,Kursnamn,TRUE,2016
AI2135,Kursnamn,TRUE,2016
AI2144,Kursnamn,TRUE,2016
AI2148,Kursnamn,TRUE,2016
AI2150,Kursnamn,TRUE,2016
AI2152,Kursnamn,TRUE,2016
AI2153,Kursnamn,TRUE,2016
AI2154,Kursnamn,TRUE,2016
AI2155,Kursnamn,TRUE,2016
AI2156,Kursnamn,TRUE,2016
AI2505,Kursnamn,TRUE,2016
AI2507,Kursnamn,TRUE,2016
AI2508,Kursnamn,TRUE,2016
AI2511,Kursnamn,TRUE,2016
AI2517,Kursnamn,,2016
AI2518,Kursnamn,,2016
AI2519,Kursnamn,,2016
AI252X,Kursnamn,,2016
AI2805,Kursnamn,TRUE,2016
AI2806,Kursnamn,TRUE,2016
AI2807,Kursnamn,TRUE,2016
AI2808,Kursnamn,TRUE,2016
AI2809,Kursnamn,TRUE,2016
AI2810,Kursnamn,TRUE,2016
AI281X,Kursnamn,,2016
AL1300,Kursnamn,,2016
SF1627,Kursnamn,,2016