,29/11,13-16,F/Ö,B23,Föreningens beskattning introduktion av grupparbete,AdK,AI1174,2016
,13/01,08-12,EX,D3 D41,Tentamen,AdK,AI1174,2017
,29/08,09-12,L,E31,Introduktion till kursen och ämnet,AdK,AI2114,
,01/09,09-12,L,L21,"Inkomst av kapital överlåtelse avbostäder och uppskov. Stämpelskatt fastighetsavgift.",AdK,AI2114,
,06/12,13-16,Ö,V12,Redovisning av grupparbete,AdK,AI1174,2016
,31/10,13-16,L,B24,Introduktion till kursen och ämnet,AdK AlK,AI1174,2016
Mån,28/11,13-16,L,3112,Genomgång av kurslitteratur Kap 6-7 (Mintzberg),AF,AI1171,2016
Tor,01/12,13-15,L,3112,Genomgång av kurslitteratur Kap 8-9 (Mintzberg),AF,AI1171,2016
Tis,06/09,08-12,MO,3161,Drop-in mottagning/handledning på mitt rum vid behov.,AF,AI1127,2016
Mån,21/11,13-18,M,3161,Gruppvis handledning av etik-PM på mitt rum,AF,AI1171,2016
Tis,29/11,09-17,H,3161,Gruppvis handledning av etik-PM på mitt rum,AF,AI1171,2016
Ons,30/11,09-17,H,3161,Gruppvis handledning av etik-PM på mitt rum,AF,AI1171,2016
Tor,08/12,10-12,L,B1,Genomgång av kurslitteratur Kap 10-12 (Mintzberg) Kurssammanfattning avslutning.,AF,AI1171,2016
Ons,16/11,10-12,L,B2,Genomgång av kurslitteratur Kap 1-2 (Boatright),AF,AI1171,2016
Tis,22/11,13-15,L,B2,Genomgång av kurslitteratur Kap 5-6 (Boatright),AF,AI1171,2016
Tor,24/11,09-12,L,B2,Genomgång av kurslitteratur Kap 1-3 (Mintzberg),AF,AI1171,2016
Tis,27/09,13-16,L,B21,Guest lecture: Entrepreneurial finance in practice,AF,AI2148,2016
Tis,27/09,09-11,L,B22,Business Angels-A perfect partner for start-ups?,AF,AI2148,2016
Ons,14/12,09-16,S,B24,Redovisning och opposition etik-PM.,AF,AI1171,2016
Tor,03/11,10-12,L,B3,Genomgång av kurslitteratur Kap 4-5 (Pfeffer & Sutton),AF,AI1171,2016
Mån,14/11,13-15,L,B3,Genomgång av kurslitteratur Kap 8-9 (Pfeffer & Sutton),AF,AI1171,2016
Mån,31/10,13-15,I,D2,Kursbeskrivning: kurslitteratur kursupplägg examination.,AF,AI1171,2016
Tis,01/11,10-12,L,D2,Genomgång av kurslitteratur Kap 1-3 (Pfeffer & Sutton),AF,AI1171,2016
Mån,21/11,10-12,L,K1,Genomgång av kurslitteratur Kap 3-4 (Boatright),AF,AI1171,2016
Mån,07/11,10-12,L,L1,Genomgång av kurslitteratur Kap 6-7 Introduktion av PM-uppgiften och indelning i grupper.,AF,AI1171,2016
Tor,10/11,10-12,L,L1,Genomgång av kurslitteratur Kap 8-9 (Pfeffer & Sutton) INSTÄLLT PGA SNÖKAOS,AF,AI1171,2016
Mån,28/11,10-12,L,L1,Genomgång av kurslitteratur Kap 4-5 (Mintzberg),AF,AI1171,2016
Tis,30/08,08-10,L,L51,Presentation av kursen introduktion till området och registrering. Indelning i grupp A och B.,AF,AI1127,2016
Fre,16/09,13-16,S,M23,Muntlig presentationsteknik ENDAST grupp A!,AF,AI1127,2016
Fre,16/09,15-18,S,M23,Muntlig presentationsteknik ENDAST grupp B!,AF,AI1127,2016
Fre,07/10,08-12,S,M31,Källkritisk övning-Grupp A,AF,AI1127,2016
Fre,07/10,10-12,S,M32,Källkritisk övning-Grupp B,AF,AI1127,2016
Tor,10/12,10-12,L,Q15,Beständighet,AF,AI1146,2015
Tis,11/10,15-17,L,Q21,Inledning av Thomas Kalbro kring kursen och programmet i kontext,AF,AI1127,2016
Tor,13/10,09-12,S,V21,Presentation av kurs-PM-Grupp A,AF,AI1127,2016
Tor,13/10,15-18,S,V21,Presentation av kurs-PM-Grupp B,AF,AI1127,2016
Ons,03/02,10-12,L,L1,Produktionskostnadsmetoden.,AH,AI1147,2016
Mån,30/11,13-15,L,L52,Avskrivning och hur redovisning påverkar förvaltning,AH,AI1145,2015
Mån,05/12,10-12,L,Q22,Renoveringsbehov och bostadsbrist ut ett fastighetsägarperspektiv,AH,AI1146,2016
Ons,09/12,10-12,L,Q31,Regelverk och kontraktsutformning på lokalhyresmarknaden,AH,AI1145,2015
Ons,27/01,13-16,Ö,Baltzar Christopher,Småhusprojekt.,AH JJ RG,AI1147,2016
Mån,01/02,13-16,Ö,Baltzar Christopher,Småhusprojekt.,AH JJ RG,AI1147,2016
Fre,05/02,13-16,Ö,Baltzar Christopher,Övning: analys av värdeutlåtande.,AH JJ RG,AI1147,2016
Ons,10/02,14-17,Ö,Baltzar Christopher,Projekt kommersiella fastigheter: Modul I.,AH JJ RG,AI1147,2016
Mån,15/02,14-17,Ö,Baltzar Christopher,Projekt kommersiella fastigheter: Modul II.,AH JJ RG,AI1147,2016
Tis,16/02,14-17,Ö,Baltzar Christopher,Projekt kommersiella fastigheter: Modul III.,AH JJ RG,AI1147,2016
Mån,22/02,13-16,Ö,Baltzar Christopher,Reservtid projekt kommersiella fastigheter.,AH JJ RG,AI1147,2016
Tis,23/02,13-16,Ö,Baltzar Christopher,Reservtid projekt kommersiella fastigheter.,AH JJ RG,AI1147,2016
Mån,25/01,09-12,Ö,Bure MacLean,Övning: ortsprismetoden.,AH JJ RG,AI1147,2016
Tis,26/01,13-16,Ö,Bure MacLean,Småhusprojekt.,AH JJ RG,AI1147,2016
Tor,25/02,13-16,Ö,Baltzar Christopher,Övning: regressionsanalys.,AH MW RG,AI1147,2016
Fre,27/02,13-16,Ö,Christopher Nils,Övning: regressionsanalys.,AH MW RG,AI1147,2015
Tor,12/02,13-14,L,B1,Projekt kommersiella fastigheter: Intro Modul I.*,AH RG,AI1147,2015
Tis,26/01,10-12,L,B1,Introduktion småhusprojekt. Gruppregistrering.*,AH RG,AI1147,2016
Tor,05/02,10-11,L,B3,Introduktion projekt kommersiella fastigheter.,AH RG,AI1147,2015
Tor,05/02,11-12,L,B3,Analys av hyreskontrakt.,AH RG,AI1147,2015
Ons,28/01,13-16,Ö,Baltzar Christopher,Småhusprojekt.,AH RG,AI1147,2015
Tor,12/02,14-17,Ö,Baltzar Christopher,Projekt kommersiella fastigheter: Modul I.,AH RG,AI1147,2015
Tis,17/02,14-17,Ö,Baltzar Christopher,Projekt kommersiella fastigheter: Modul II.,AH RG,AI1147,2015
Tis,27/01,15-18,Ö,Bure MacLean,Småhusprojekt.,AH RG,AI1147,2015
Tis,03/02,08-11,Ö,Bure MacLean,Småhusprojekt.,AH RG,AI1147,2015
Tor,05/02,13-16,Ö,Bure MacLean,Övning: analys av värdeutlåtande.,AH RG,AI1147,2015
Tor,19/02,14-17,Ö,Bure MacLean,Projekt kommersiella fastigheter: Modul III.,AH RG,AI1147,2015
Tor,26/02,08-11,Ö,Bure MacLean,Reservtid projekt kommersiella fastigheter.,AH RG,AI1147,2015
Ons,25/02,13-16,Ö,Christopher Nils,Reservtid projekt kommersiella fastigheter.,AH RG,AI1147,2015
Mån,26/01,09-12,Ö,Faggot MacLean,Övning: ortsprismetoder.,AH RG,AI1147,2015
Tis,27/01,13-15,L,L1,Introduktion småhusprojekt. Gruppregistrering.*,AH RG,AI1147,2015
Tis,17/02,13-14,L,L1,Projekt kommersiella fastigheter: Intro Modul II.*,AH RG,AI1147,2015
Tor,19/02,13-14,L,L1,Projekt kommersiella fastigheter: Intro Modul III.*,AH RG,AI1147,2015
Fre,05/02,10-11,L,L1,Introduktion projekt kommersiella fastigheter.,AH RG,AI1147,2016
Ons,10/02,13-14,L,V1,Projekt kommersiella fastigheter: Intro Modul I.,AH RG,AI1147,2016
Mån,15/02,13-14,L,V1,Projekt kommersiella fastigheter: Intro Modul II.,AH RG,AI1147,2016
Tis,16/02,13-14,L,V1,Projekt kommersiella fastigheter: Intro Modul III.,AH RG,AI1147,2016
Mån,31/10,10-12,L,L22,Introduktion,AJ,AI1146,2016
Ons,02/11,10-12,L,L22,Fastighetsförvaltning begrepp,AJ,AI1146,2016
Ons,23/11,13-16,Ö,MacLean,Projekt 2,AJ,AI1146,2016
Mån,14/11,10-12,L,Q15,Hållbarhet,AJ,AI1146,2016
Tor,15/12,13-16,R,3112,Redovisning,AJ LB,AI1146,2016
Fre,16/12,13-16,R,3112,Redovisning,AJ LB,AI1146,2016
Ons,16/11,13-16,Ö,MacLean,Projekt 1,AJ LB,AI1146,2016
Tor,17/11,13-16,Ö,MacLean,Projekt 1,AJ LB,AI1146,2016
Mån,21/11,13-16,Ö,MacLean,Projekt 1,AJ LB,AI1146,2016
Mån,28/11,13-16,Ö,MacLean,Projekt 2,AJ LB,AI1146,2016
Tor,01/12,13-16,Ö,MacLean,Projekt 2,AJ LB,AI1146,2016
Mån,05/12,13-16,Ö,MacLean,Projekt 2,AJ LB,AI1146,2016
Ons,07/12,10-12,L,Q22,Summary och frågorställning,AJ LB SK,AI1146,2016
Ons,07/12,10-12,L,B24,Energiförsörjning,AK,AI1522,2016
Mån,14/11,10-12,L,L31,Kommunal infrastruktur,AK,AI1522,2016
Tis,13/12,10-12,L,L43,Transporter,AK,AI1522,2016
,08/12,13-16,F/Ö,B22,Repetition,AlK,AI1174,2016
,03/11,13-16,F/Ö,B23,Skatteberäkning,AlK,AI1174,2016
,17/11,13-16,F/Ö,B24,Avyttring av bostad I,AlK,AI1174,2016
,12/09,13-15,L,D32,Fastighetstaxering,AlK,AI2114,
,05/09,13-15,L,D34,Inkomst av näringsverksamhet I,AlK,AI2114,
,30/08,10-12,Ö,E33,Inkomst av tjänst beräkning av skatt,AlK,AI2114,
,25/11,13-16,F/Ö,E34,Deklaration och skatteförfarande,AlK,AI1174,2016
,07/11,15-18,F/Ö,L31,Inkomst av tjänst,AlK,AI1174,2016
,14/11,13-16,F/Ö,L44,Inkomst av kapital,AlK,AI1174,2016
,21/11,13-16,F/Ö,L44,Avyttring av bostad II-uppskov,AlK,AI1174,2016
,12/12,13-16,F/Ö,L44,Repetition och fördjupning I,AlK,AI1174,2016
,15/12,13-16,F/Ö,L44,Repetition och fördjupning II,AlK,AI1174,2016
,04/02,13-16,,M36,Design Management II (AM),AM,AI2809,2016
,18/02,13-17,S,V21,Seminar 1: International construction projects and contracts (AN),AN,AI2809,2016
,08/02,13-16,,V35,Contract Management II (AN),AN,AI2809,2016
Fre,08/05,09-12,E,Baltzar,Exercise 4-rank-size,AW,AI2155,2015
Tis,10/05,15-17,E,Baltzar,Exercise UE-Economic Base Analysis,AW,AI2155,2016
Fre,16/09,08-10,E,Bure,Exercise: Lab,AW,AI2153,2016
Fre,08/05,13-15,E,Bure,Exercise 5- Economic Base Analysis,AW,AI2155,2015
Tis,03/05,15-17,E,Bure,Exercise UE-Rank Size,AW,AI2155,2016
Fre,09/10,13-15,L,E35,Lecture 10,AW,AI2153,2015
Ons,25/03,13-15,E,L51,Exercise 1,AW,AI2155,2015
Ons,01/04,14-16,E,L51,Exercise 2,AW,AI2155,2015
Ons,05/10,10-12,L,M31,Lecture 12,AW,AI2153,2016
Fre,27/03,13-15,L,Q21,Market forces in the development of cities,AW,AI2155,2015
Fre,17/04,13-15,E,Q21,Introduction Term Paper I & Exercise 3,AW,AI2155,2015
Fre,09/09,08-10,E,Q26,Exercise,AW,AI2153,2016
Fre,14/10,08-10,P,Q26,Presentation project 2 (group 2),AW,AI2153,2016
,25/01,13-16,,Q26,Design Management I (AW),AW,AI2809,2016
,15/02,13-16,,Q26,Production Site Management (AW),AW,AI2809,2016
,07/03,13-17,S,Q26,Seminar 2: Production Site Management (AW),AW,AI2809,2016
,10/03,13-15,,Q26,Summing up (AW),AW,AI2809,2016
Ons,12/10,08-12,P,Q26 V11,Presentation project 2 (group 1),AW,AI2153,2016
Ons,01/04,10-12,L,V01,Urban growth-Economic Base,AW,AI2155,2015
Tis,14/04,10-12,L,V01,Land rent and land use in monocentric city,AW,AI2155,2015
Tis,03/05,13-15,L,V01,UE-Land rent and land use in monocentric city,AW,AI2155,2016
Tis,17/05,15-17,E,V01,UE-Term paper presentation,AW,AI2155,2016
Ons,31/08,10-12,L,V11,Lecture 2,AW,AI2153,2016
Tor,16/04,10-12,L,V11,Household Sorting Segregation & Zoning,AW,AI2155,2015
Mån,18/05,10-12,L,V11,Sustainable cities and regions,AW,AI2155,2015
Tis,19/04,13-15,L,V11,UE-Market forces in the development of the city I,AW,AI2155,2016
Ons,20/04,13-15,L,V11,UE-Market forces in the development of the city II,AW,AI2155,2016
Tis,26/04,15-17,E,V11,Exercise UE-Term paper & Exercise,AW,AI2155,2016
Ons,11/05,13-15,L,V11,UE-Household Sorting Segregation and Zoning,AW,AI2155,2016
Tis,17/05,13-15,L,V11,UE-Term paper Presentation,AW,AI2155,2016
,21/01,13-16,,V21,Introduction (AW),AW,AI2809,2016
,29/02,13-16,,V21,Production Site Management (AW),AW,AI2809,2016
,03/03,13-16,,V21,Production Site Management (AW),AW,AI2809,2016
Ons,20/05,10-12,L,V23,Summing up,AW,AI2155,2015
Tis,26/04,13-15,L,V23,UE-Urban growth,AW,AI2155,2016
Mån,29/08,13-15,L,V33,Lecture 1,AW,AI2153,2016
,22/02,13-16,,V33,Production Site Management (AW),AW,AI2809,2016
Ons,18/05,13-15,L,V35,Summing up,AW,AI2155,2016
,12/02,09-12,,K53,Supply chain management (AW AF),AW AF,AI2809,2016
Mån,10/10,13-15,L,Q26,Lecture 13,AW EB,AI2153,2016
Ons,25/03,10-12,L,Q15,Introduction to Urban Economics and CBA,AW FB,AI2155,2015
Mån,18/05,13-16,E,Q15,Presentation/discussion,AW FB,AI2155,2015
Ons,13/05,13-15,E,Q26,Term paper II & Exercise 6,AW FB,AI2155,2015
Tis,29/03,13-15,L,V21,Introduction to Urban Economics and CBA,AW FB,AI2155,2016
Tis,20/09,15-16,GL,D2,SOFT LANDINGS,AW TKG,AI2810,2016
Mån,05/09,13-15,L,Q24,Lecture 3,AW VS,AI2153,2016
Tis,13/09,09-11,L,B22,New venture financing-the importance of public sources of finance and public policy.,BB,AI2148,2016
Tis,20/09,13-16,S,B22,Presentation and discussion of papers on public policy,BB,AI2148,2016
Tis,06/09,09-11,L,B23,Venture capital-A historical perspective industry analysis and importance in the post dot.com world.,BB,AI2148,2016
Tis,30/08,09-11,L,B24,Introduction including objectives assignments and examination of the course.,BB,AI2148,2016
Tis,30/08,13-15,L,B24,An introduction to entrepreneurship and entrepreneurial finance including an international outlook and analysis of different views and types of entrepreneurship.,BB,AI2148,2016
Tis,13/09,13-16,S,B24,Presentation and discussion of papers on venture capital,BB,AI2148,2016
Ons,07/09,13-15,L,L1,Kreditgivning företagsfinansiering och riskhantering i banker.,BB,AI1126,2016
Tis,04/10,09-11,L,L44,New venture valuation: valuation in practice and deal structure.,BB,AI2148,2016
Tis,04/10,13-16,L,L44,Choice of financing and the future of entrepreneurial finance,BB,AI2148,2016
Tor,06/10,08-12,S,L51,Källkritisk övning-Grupp A,BB,AI1126,2016
Ons,12/10,09-12,S,M31,Presentation av kurs-PM-Grupp A OBS! OBLIGATORISKT,BB,AI1126,2016
Ons,12/10,15-18,S,M31,Presentation av kurs-PM-Grupp B OBS! OBLIGATORISKT,BB,AI1126,2016
Tis,06/09,13-16,S,M37,Presentation and discussion of papers on entrepreneurship.,BB,AI2148,2016
Tis,20/09,09-11,L,Q13,New venture strategy and financial forecasting,BB,AI2148,2016
Tor,06/10,10-12,S,Q15,Källkritisk övning-Grupp B,BB,AI1126,2016
Mån,10/10,10-12,L,Q15,Kurssammanfattning och frågor/svar inför den skriftliga tentan.,BB,AI1126,2016
Tis,30/08,15-17,L,Q2,Presentation av kursen introduktion till området och registrering.,BB,AI1126,2016
Ons,31/08,08-10,L,Q2,Banksystemets historia organisation och finansiella kriser då och nu.,BB,AI1126,2016
Fre,23/09,10-12,L,V01,Kalkyleringsövning grupp A,BB,AI1126,2016
Fre,02/09,10-12,L,V1,Marknadsföring av finansiella tjänster.,BB,AI1126,2016
Mån,03/10,10-12,L,V2,Bostäder på marknadens villkor.,BB,AI1126,2016
Ons,05/10,13-15,L,V2,Kommersiella fastigheter i Sverige.,BB,AI1126,2016
Mån,03/10,10-12,L,V2,Bostäder på marknadens villkor.,BB,AI1127,2016
Ons,05/10,13-15,L,V2,Kommersiella fastigheter i Sverige.,BB,AI1127,2016
Tor,01/09,13-15,L,V3,Det finansiella systemet i Sverige-aktörer funktioner och deras utveckling.,BB,AI1126,2016
Mån,09/05,10-12,L,V3,BDM chapter 23,BB,AI2144,2016
Tis,13/09,15-17,L,B1,Muntlig presentationsteknik,BB AF,AI1126,2016
Tis,13/09,15-17,L,B1,Muntlig presentationsteknik.,BB AF,AI1127,2016
Ons,14/09,10-12,L,B3,Att skriva och presentera PM-gruppindelning och ämnesval,BB AF,AI1126,2016
Fre,16/09,08-10,L,B3,Litteratursökning opposition och feedback.,BB AF,AI1126,2016
Ons,14/09,10-12,L,B3,Att skriva och presentera PM. Indelning i PM- grupper och tilldelning av ämnen att skriva om.,BB AF,AI1127,2016
Fre,16/09,08-10,L,B3,Litteratursökning opposition och feedback.,BB AF,AI1127,2016
Fre,16/09,13-17,S,M32 M35,Muntlig presentationsteknik-övning,BB IS,AI1126,2016
Mån,15/02,10-12,L,B1,Marknadsanalys ur ett värderarperspektiv.,BL,AI1147,2016
Mån,16/02,08-10,L,B3,Marknadsanalys ur ett värderarperspektiv.,BL,AI1147,2015
Mån,23/02,10-12,E,Baltzar Christopher Nils,Project work,BL,AI2102,2015
Ons,21/01,13-15,L,L1,Course introduction,BL,AI2102,2015
Tor,29/01,09-12,L,L1,Productivity analysis,BL,AI2102,2015
Mån,02/02,08-10,L,L1,Urban growth and market areas,BL,AI2102,2015
Mån,09/02,10-12,L,L1,Demand,BL,AI2102,2015
Mån,16/02,13-15,L,L1,Market GAP-analysis,BL,AI2102,2015
Tor,05/11,10-12,L,L22,Marknadsanalys,BL,AI1146,2016
Fre,23/01,13-15,L,Q2,Introduction to the REMA-model,BL,AI2102,2015
Fre,20/02,10-12,L,Q2,Retail,BL,AI2102,2015
Mån,26/01,10-12,L,V1,Macro determinantes,BL,AI2102,2015
Tor,12/02,10-12,L,V2,Supply,BL,AI2102,2015
Tor,04/02,10-12,L,V21,Marknadsanalys för fastighetsvärdering,BL,AI1148,2016
Ons,20/01,10-12,L,B1,Värdebegrepp och värderingstandarder.,BN,AI1147,2016
Mån,25/01,13-15,L,B2,Lag och kompletterande normgivning,BN,AI1142,2016
Ons,21/01,08-10,L,B2,Värdebegrepp och värderingstandarder.,BN,AI1147,2015
Mån,02/02,10-12,L,L52,Branschspecifika värderings- och redovisningsproblem,BN,AI1142,2015
Mån,02/02,13-15,L,L52,forts,BN,AI1142,2015
Tor,18/02,10-12,L,Q15,Värdebegrepp värderingsstandarder och redovsningsfrågor (F7) flyttad från 02/02,BN,AI1148,2016
Mån,01/02,08-12,L,Q2,Branschspecifika värderings- och redovisningsproblem,BN,AI1142,2016
Tor,19/02,10-12,L,V01,Valuation for IFRS,BN,AI2154,2015
Fre,19/02,10-12,S,V1,Uppskjuten skatt i fastighetsföretag. Temporära skillnader,BN,AI1142,2016
Fre,20/02,10-12,S,V32,Uppskjuten skatt i fastighetsföretag. Temporära skillnader,BN,AI1142,2015
Fre,18/09,13-15,L,V35,Guest Lecture,BN,AI2153,2015
Tis,29/11,13-15,L,B21,Förfarandet i mark- och miljödomstolen,BR,AI2507,2016
Tor,29/09,08-10,S,L51,Att genomföra detaljplaner-Grupp A,CC,AI1127,2016
Tor,29/09,10-12,S,M31,Att genomföra detaljplaner-Grupp B,CC,AI1127,2016
Tis,27/09,15-17,S,M35,Att genomföra detaljplaner-Grupp B,CC,AI1126,2016
Tis,27/09,08-10,S,Q21,Att genomföra detaljplaner-Grupp A,CC,AI1126,2016
Ons,04/02,08-10,L,B3,Den svenska fastighetsmarknaden.,CG,AI1147,2015
Fre,19/02,10-12,L,D1,Den svenska fastighetsmarknaden.,CG,AI1147,2016
Tor,22/01,10-12,L,E32,Valuation for IPD. Valuation in Nordic countries,CG,AI2154,2015
Tis,01/12,10-12,L,L21,Hyror,CG,AI1146,2015
Fre,22/01,13-15,L,Q15,Valuation for IPD. Valuation in Nordic countries,CG,AI2154,2016
Mån,07/11,10-12,L,V11,Hyror och marknaden,CG,AI1146,2016
Ons,27/01,10-12,L,V11,När marknadsvärde är inte syftet -Värdering för en köpare,CG,AI1148,2016
Tor,29/01,10-12,L,V33,När marknadsvärde är inte syftet -Värdering för en köpare,CG,AI1148,2015
Mån,05/09,10-12,L,M3,Krediter till bostadsköp och reglering av bankmarknaden.,CH,AI1126,2016
Tor,11/10,10-12,L,B1,Preparations for the exam,CWA,AI1108,2016
Tor,15/10,10-12,L,B2,Preparations for the exam.,CWA,AI1108,2015
Mån,29/08,10-12,L,B2,Course introduction,CWA,AI1108,2016
Fre,04/09,10-12,L,B2,Present value mathematics II,CWA,AI1108,2015
Mån,14/09,10-12,L,B2,Investment decision making III-calculations in real terms,CWA,AI1108,2015
Tis,22/09,10-12,L,B2,Loans and taxes,CWA,AI1108,2015
Mån,05/09,10-12,L,B3,Investment decision making I,CWA,AI1108,2016
Mån,26/09,10-12,L,B3,Debts and equity-financing real estate investments I,CWA,AI1108,2016
Ons,02/09,13-16,L,D2,Present value mathematics I,CWA,AI1108,2015
Tis,26/01,08-11,L,E2,Årsredovisning I,CWA,AI1142,2016
Ons,27/01,08-11,L,E3,Årsredovisning II,CWA,AI1142,2016
Tor,26/02,10-12,L,F1,Redovisning,CWA,AI1128,2015
Ons,17/02,13-16,S,Faggot,Projektarbete,CWA,AI1142,2016
Mån,31/08,13-15,L,H1,Course introduction,CWA,AI1108,2015
Mån,07/09,10-12,L,H1,Investment decision making I,CWA,AI1108,2015
Tor,10/09,10-12,L,H1,Investment decision making II,CWA,AI1108,2015
Mån,05/10,10-12,L,H1,Debts and equity-financing real estate investments II,CWA,AI1108,2015
Tor,26/02,13-15,L,L51,Reservtid,CWA,AI1142,2015
Mån,16/11,10-12,L,L52,Ekonomisk kalkylering (Prissättning på tjänster),CWA,AI1145,2015
Mån,26/01,13-15,L,L52,Redovisningens fundamentala grunder,CWA,AI1142,2015
Tis,27/01,09-12,L,L52,Årsredovisning I,CWA,AI1142,2015
Tor,29/01,09-12,L,L52,Årsredovisning II,CWA,AI1142,2015
Ons,04/02,13-16,L,L52,Finansiell analys I,CWA,AI1142,2015
Fre,06/02,10-12,L,L52,Finansiell analys II,CWA,AI1142,2015
Tis,29/09,10-12,L,M2,Debts and equity-financing real estate investments I,CWA,AI1108,2015
Fre,29/01,13-16,Ö,M35 M36,Grunder resultat- och balansräkning,CWA,AI1142,2016
Mån,02/03,10-12,L,Q1,Redovisning,CWA,AI1128,2015
Ons,03/02,08-10,L,Q2,Finansiell analys II,CWA,AI1142,2016
Mån,08/02,08-10,L,Q2,Eget kapital,CWA,AI1142,2016
Fre,26/02,10-12,L,Q2,Reservtid,CWA,AI1142,2016
Mån,09/02,08-10,L,Q33,Eget kapital,CWA,AI1142,2015
Mån,23/11,10-12,L,Q36,Ekonomisk kalkylering (Prissättning på tjänster),CWA,AI1145,2015
Tor,01/09,09-12,L,V1,Present value mathematics I,CWA,AI1108,2016
Tor,08/09,10-12,L,V1,Investment decision making II,CWA,AI1108,2016
Tis,02/02,13-16,L,V1,Finansiell analys I,CWA,AI1142,2016
Tis,16/02,09-11,S,V1,ProjektPM- introduktion. Obligatorisk närvaro,CWA,AI1142,2016
Mån,16/02,10-12,S,V22,ProjektPM- introduktion. Obligatorisk närvaro,CWA,AI1142,2015
Ons,18/02,10-12,L,V22,Kassaflödesanalys,CWA,AI1142,2015
Tor,18/02,08-10,L,V22,Kassaflödesanalys,CWA,AI1142,2016
Tis,24/11,08-10,Ö,L51,Flyttad till 08/12,CWA HM,AI1145,2015
Tis,08/12,10-12,Ö,Q34,Ekonomisk kalkylering-Hands-on övning,CWA HM,AI1145,2015
Fre,05/02,13-15,L,Q15,Transactions market in Sweden. Equity research implications for investors,EB,AI2154,2016
Fre,30/01,08-10,L,V01,Transactions market in Sweden. Equity research implications for investors,EB,AI2154,2015
Fre,04/12,10-12,L,L1,Förvaltning inom offentlig verksamhet,EH,AI1146,2015
Fre,30/01,10-11,L,B1,Plan och bygglagen.,EL,AI1147,2015
Mån,26/09,13-15,L,B3,Vem bestämmer om byggandet?,EL,AI1126,2016
Mån,26/09,13-15,L,B3,Vem bestämmer om byggandet?,EL,AI1127,2016
Fre,29/01,10-11,L,L1,Plan och bygglagen.,EL,AI1147,2016
Tor,21/01,08-12,,L44,Planläggning och tillståndsprövning.,EL,AI1524,2016
Ons,30/11,13-16,Ö,D32,Anläggningslagen (AL) lagen om förvaltning av samfäl- ligheter (SFL) och ledningsrättslagen (LL) Ö 5,ELJ,AI1519,2016
Ons,23/11,13-15,L,E34,Servitut och nyttjanderätter,ELJ,AI1519,2016
Mån,14/11,13-16,Ö,L21,Sammanläggning och fastighetsreglering Ö 2,ELJ,AI1519,2016
Tis,22/11,13-16,Ö,L21,Panträttsprövning Ö 3,ELJ,AI1519,2016
Ons,02/03,13-17,P,L22,Värdering och ersättning gatumark och tomtmark (egen tid),ELJ,AI1518,2016
Mån,31/10,10-12,L,L43,Kursintroduktion-regelverk kring markanvändning och förändring av fastighetsindelningen,ELJ,AI1519,2016
Mån,07/11,13-16,Ö,L43,Avstyckning och klyvning Ö 1,ELJ,AI1519,2016
Mån,12/12,10-12,L,Q13,"Fastighetsbildningsförrättning-förrättningsförfarandetfunktion process beslut och aktörer/roller (4 kap FBL)",ELJ,AI1519,2016
Mån,28/11,13-16,Ö,V11,Servitut och nyttjanderätter Ö 4,ELJ,AI1519,2016
Ons,20/01,10-12,L,V22,"Kursintroduktion. Regelverk kring markanvändningoch förändring av fastighetsindelningen",ELJ,AI1518,2016
Fre,05/02,10-12,P,V22,Uppstart projekt: Värdering och ersättning gatumark och tomtmark (obligatorisk närvaro),ELJ,AI1518,2016
Ons,17/02,10-12,L,V22,Fastighetsbildningsförrättning (4kap FBL),ELJ,AI1518,2016
Ons,09/03,09-12,P,V22,Projektredovisning (obligatorisk närvaro halvklass),ELJ,AI1518,2016
Ons,09/03,13-17,P,V22,Projektredovisning (obligatorisk närvaro halvklass),ELJ,AI1518,2016
Tor,11/02,10-12,P,V32,Värdering och ersättning gatumark och tomtmark (egen tid),ELJ,AI1518,2016
Mån,29/02,13-17,P,V32,Värdering och ersättning gatumark och tomtmark (egen tid),ELJ,AI1518,2016
Mån,12/12,13-16,Ö,Q11,Test av kunskaper inför tentamen (Ö 8),ELJ ME,AI1519,2016
Tor,03/03,13-16,Ö,V32,Test av kunskaper inför tentamen Ö 6,ELJ ME,AI1518,2016
Fre,24/04,10-12,L,E36,CBA,FB,AI2155,2015
Mån,23/02,10-11,L,L1,Besiktningsteknik.,FB,AI1147,2015
Mån,23/02,11-12,L,L1,Etik och ansvar.,FB,AI1147,2015
Fre,29/01,11-12,L,L1,Etik och ansvar.,FB,AI1147,2016
Ons,16/11,10-12,L,Q15,Renovering och energieffektivisering,FB,AI1146,2016
Mån,14/11,13-16,L,Q22,Tekniska spörsmål i fastighetsrätten,FB,AI1517,2016
Tis,27/01,10-12,L,Q22,Behavior economics and valuation,FB,AI2154,2015
Tis,08/03,10-12,L,V01,Ytterligare förkovring inom Fastighetsvärdering: forskning metoder ämnen fastighetstyper,FB,AI1148,2016
Ons,13/05,10-12,E,V01,CBA,FB,AI2155,2015
Tis,05/04,13-15,L,V01,CBA-Welfare Theory,FB,AI2155,2016
Ons,06/04,13-15,L,V01,CBA-Welfare Theory,FB,AI2155,2016
Fre,17/04,10-12,L,V11,CBA,FB,AI2155,2015
Mån,27/04,08-10,L,V11,CBA,FB,AI2155,2015
Ons,04/05,13-15,L,V11,CB A-Uncertainty Discount Rate and more n,FB,AI2155,2016
Ons,11/11,10-12,L,V21,Isolering och energibesparing,FB,AI1146,2015
Ons,29/04,08-10,L,V21,CBA,FB,AI2155,2015
Ons,22/04,13-15,L,V22,CBA,FB,AI2155,2015
Tis,12/05,10-12,L,V23,CBA,FB,AI2155,2015
Ons,30/03,13-17,L,V23,CBA-Introduction to Welfare theory,FB,AI2155,2016
Tis,12/04,13-15,L,V23,CBA-Market failures,FB,AI2155,2016
Ons,13/04,13-15,L,V23,CBA-Market failures,FB,AI2155,2016
Fre,06/11,10-12,L,V33,Klimatskal och underhåll,FB,AI1146,2015
Mån,25/01,13-15,L,V35,Behavior economics and valuation,FB,AI2154,2016
Mån,31/08,15-17,L,B1,Chapter 1 Intro,FK,AI2152,2015
Tor,03/09,10-12,L,B1,Chapter 2,FK,AI2152,2015
Tor,10/09,10-12,L,B1,Chapter 5,FK,AI2152,2015
Tor,17/09,10-12,L,B1,Chapter 6,FK,AI2152,2015
Mån,07/09,13-15,L,B3,Chapter 4,FK,AI2152,2015
Mån,21/09,15-17,L,B3,Chapter 7,FK,AI2152,2015
Tor,05/03,10-12,L,F1,4Q-modellen avslutning,FK,AI1128,2015
Mån,05/10,15-17,L,L1,Chapter 8 HS,FK,AI2152,2015
Tor,15/10,10-12,L,L1,Summary,FK,AI2152,2015
Tor,22/01,13-15,L,Q1,Mikroekonomi: Hushållet,FK,AI1128,2015
Mån,26/01,10-12,L,Q1,Mikroekonomi: Företaget,FK,AI1128,2015
Tor,29/01,10-12,L,Q1,Mikroekonomi: Prisbildning,FK,AI1128,2015
Mån,02/02,10-12,L,Q1,Mikroekonomi: Monopol oligopol kollektiva varor,FK,AI1128,2015
Tis,28/04,10-12,L,V01,Gentrification,FK,AI2155,2015
Tor,16/4,13-16,L,V01,Problem set discussion,FK,AI2156,2015
Fre,13/02,15-17,L,B1,Konjunktursvängningar fastighetspriser och värdering.,HL,AI1147,2015
Mån,22/02,08-10,L,B1,Konjunktursvängningar priser och värdering.,HL,AI1147,2016
Fre,18/09,10-12,L,B2,Theory of interest,HL,AI1108,2015
Mån,19/09,13-15,L,B3,Ekonomi och samhällsbyggande: En översikt av frågeställningar,HL,AI1126,2016
Mån,19/09,13-15,L,B3,Ekonomi och samhällsbyggande: En översikt av frågeställningar.,HL,AI1127,2016
Mån,02/02,10-12,L,E36,Transparency in valuation,HL,AI2154,2015
Tis,20/01,10-12,L,F1,Introduktion-kostnads/investeringskalkyler 1,HL,AI1128,2015
Tor,22/01,10-12,L,F1,Investeringskalkyler /fastighetsvärdering,HL,AI1128,2015
Tor,05/02,10-12,L,F1,Mikroekonomi: Externa effekter informationsproblem,HL,AI1128,2015
Mån,23/02,10-12,L,F1,Makroekonomi: Cykler i fastighetspriser,HL,AI1128,2015
Mån,29/08,10-12,L,L52,Macro 1: Economic growth,HL,AI2106,2016
Mån,19/09,08-10,L,M23,Makro 5: Macroeconomic policy,HL,AI2106,2016
Tis,20/01,13-15,L,Q1,Investeringskalkyler 2,HL,AI1128,2015
Mån,09/02,10-12,L,Q1,Mikroek: Entreprenadformer: tillämpad kontraktsteori,HL,AI1128,2015
Ons,11/02,08-10,L,Q1,Mikroekonomi: Hyresreglering,HL,AI1128,2015
Tor,19/02,10-12,L,Q1,Makroekonomi: Översikt Cykler på byggmarknaden,HL,AI1128,2015
Ons*,06/04,09-12,GL,Q22,IT-strategies. Example from a consultant company (Ramböll)-Hans Lif,HL,AI2805,2016
Tor,12/05,13-15,L,Q26,Residential properties (2),HL,AI2156,2016
Fre,04/12,10-12,L,Q31,Behavioral Finance,HL,AI2135,2015
Mån,04/5,08-10,L,V11,Residential properties (1),HL,AI2156,2015
Ons,06/5,08-10,L,V11,Residential properties (2),HL,AI2156,2015
Mån,05/09,08-10,L,V22,Macro 2: Business cycles and the Goods Market,HL,AI2106,2016
Tor,08/09,08-10,L,V22,Macro 3: Inflation unemployment and international aspects,HL,AI2106,2016
Mån,12/09,08-10,L,V22,Makro 4: The aggregate supply-aggregate demand model,HL,AI2106,2016
Tis,10/02,09-11,L,V23,Osäkerhet i värdering,HL,AI1148,2015
Fre,04/11,10-12,L,B22,Markrättigheter ägostrukturer och stadsplaner,HM,AI1522,2016
Tor,03/11,08-10,L,B23,Territoriell förvaltning av Sverige från medeltid till nutid,HM,AI1522,2016
Fre,04/11,13-15,Ö,B23,Övning 1: Val av medeltida stad eller stormaktsstad för uppsats (obligatorisk närvaro),HM,AI1522,2016
Ons,23/11,10-12,L,B23,Mark- och bostadspolitik under 1900-talet,HM,AI1522,2016
Fre,25/11,10-12,L,B23,Mark för infrastruktur offentliga byggnader m.m.,HM,AI1522,2016
Tis,29/11,09-12,Ö,B23,Övning 1: Uppsatsdiskussioner,HM,AI1522,2016
Tis,01/11,10-12,L,B24,Sveriges markanvändning och dess förändringar,HM,AI1522,2016
Ons,18/11,13-16,Ö,Baltzar Christopher,Projektarbete,HM,AI1145,2015
Mån,14/11,13-16,Ö,D33,Övning 1: Uppsatsdiskussioner,HM,AI1522,2016
Fre,13/02,13-16,Ö,Faggot,Projektarbete Storhus,HM,AI1148,2015
Tor,19/02,13-16,Ö,Faggot,Projektarbete Storhus (handledning) Obligatorisk närvaro,HM,AI1148,2015
Tis,10/02,13-16,Ö,Faggot,Projektarbete Storhus,HM,AI1148,2015
Tor,28/01,10-12,L,Faggot,Presentation av fastighetsanalysverktyg NaiSvefa,HM,AI1148,2016
Tis,09/02,13-16,P,Faggot,Projektarbete värdering av Storhus,HM,AI1148,2016
Tor,18/02,13-16,Ö,Faggot,Analys av olika sätt att rapportera värde (obligatorisk närvaro),HM,AI1148,2016
Ons,23/11,10-12,L,L21,Underhåll,HM,AI1146,2016
Tis,08/11,10-12,Ö,L31,Övning 1: Uppsatsdiskussioner och genomgång av exkursion (obligatorisk närvaro),HM,AI1522,2016
Tis,08/11,14-17,Ö,L31,Övning 1: Uppsatsdiskussioner,HM,AI1522,2016
Mån,07/12,13-15,L,L51,Förvaltning av köpcentrum samt kurssummering,HM,AI1145,2015
Mån,02/11,10-12,L,L52,Introduktion + Orientering av fastighetsförvaltning,HM,AI1145,2015
Mån,02/11,13-15,L,L52,Ekonomiskstyrning och uppföljning,HM,AI1145,2015
Mån,09/11,13-15,L,L52,Marknadsanalys för fastighetsförvaltning och prognos,HM,AI1145,2015
Fre,30/01,11-12,L,L52,Produktionskostnad och massvärdering (F11),HM,AI1148,2015
Tis,09/02,09-12,Ö,M32,Övning i hyreskontraktanalys (utförs i era projektgrupper),HM,AI1148,2016
Ons,04/11,10-12,L,M33,Att utforma en förvaltningsplan,HM,AI1145,2015
Tis,14/02,13-16,Ö,Nils,Projektarbete Storhus,HM,AI1148,2015
Mån,16/11,13-15,L,Q15,Underhållsplanering,HM,AI1146,2015
Tor,21/01,10-12,L,Q15,Arbetsmetodik och värdering med avkastningsmetoder,HM,AI1148,2016
Tis,16/02,08-10,R,Q15,Gruppredovisning av småhusuppgiften (obligatorisk närvaro),HM,AI1148,2016
Ons,10/02,10-12,L,Q17,Intrång ersättning och relaterade frågor,HM,AI1148,2016
Tis,27/01,10-12,L,Q26,Arbetsmetodik och värdering med avkastningsmetoder,HM,AI1148,2015
Fre,06/02,09-11,L,Q26,Intrång ersättning och relaterade frågor (med CSAMH_SPL_3),HM,AI1148,2015
Mån,30/11,10-12,L,Q33,Förvaltning av miljonprogrammen 2,HM,AI1145,2015
Ons,11/11,10-12,L,Q36,Äga eller hyra verksamhetsfastigheter? +,HM,AI1145,2015
Tis,26/01,10-12,L,V01,Fastighetstaxering och fastighetsbeskattning,HM,AI1148,2016
Tis,20/01,15-17,L,V11,Kurs introduktion prisbildningsteori begrepp & syfte med värdering,HM,AI1148,2015
Tor,22/01,10-12,L,V11,Arbetsmetodik och värdering med ortprismetod,HM,AI1148,2015
Ons,28/01,10-12,L,V11,Marknadsanalys för fastighetsvärdering och förorenade fastigheter,HM,AI1148,2015
Tis,24/02,13-16,Ö,V11,Att rapportera värdet-grupp övning,HM,AI1148,2015
Fre,29/01,13-16,L,V11,Introduktion av projektarbete-värdering av Småhus-värdering av Storhus,HM,AI1148,2016
Fre,04/03,13-17,R,V11,Redovisning av projekt Storhus (obligatorisk närvaro),HM,AI1148,2016
Tor,25/02,10-12,L,V21,Produktionskostnad massvärdering,HM,AI1148,2016
Tis,19/01,10-12,L,V23,Kurs introduktion prisbildningsteori begrepp och annat Arbetsmetodik och värdering med ortprismetod,HM,AI1148,2016
Tis,23/02,13-16,R,V23,Handledning av projektarbete Storhus (obligatorisk närvaro),HM,AI1148,2016
Tis,01/03,10-12,L,V23,Frågestund inför tentamen,HM,AI1148,2016
Ons,25/11,10-12,L,V3,Förvaltning av miljonprogrammen 1,HM,AI1145,2015
Tis,03/02,10-12,L,V35,Fastighetstaxering och fastighetsbeskattning,HM,AI1148,2015
Tis,17/02,11-12,,V35,Genomgång KS,HM,AI1148,2015
Tor,03/12,13-16,Ö,Bure Faggot,Projektarbete,HM AH,AI1145,2015
Ons,25/11,13-16,Ö,Bure Frodo XQ25,Projektarbete,HM AH,AI1145,2015
Ons,11/11,13-16,Ö,Bure MacLean,Intro och start projektarbete-nyckeltalsanalys,HM AH,AI1145,2015
Fre,04/12,10-12,L,L1,Aktuella trender och utmaningar inom fastighetsförvaltning,HM AH,AI1145,2015
Mån,09/11,10-12,L,L52,Diagnos-att analysera förvaltningen,HM AH,AI1145,2015
Mån,23/11,13-15,L,Q36,Att göra en underhållsplan,HM AH,AI1145,2015
Tis,03/02,13-16,Ö,Faggot,Övning i värdering av smahus,HM HD,AI1148,2015
Tor,05/02,13-15,Ö,V22,Övning i hyreskontraktanalys,HM HD,AI1148,2015
Tor,05/02,15-16,,V22,Introduktion och projektstart värdering av kommersiell fastighet,HM HD,AI1148,2015
Tis,03/03,10-12,L,V33,Värdering av andra fastighetstyper aktuell forskning och frågestund,HM HD,AI1148,2015
,04/10,13-15,E,Baltzar Bure,Assignment 4,HM MZ SY HD,AI2152,2016
,10/10,13-15,E,Faggot MacLean,Assignment 5,HM MZ SY HD,AI2152,2016
,06/09,13-15,E,Bure Baltzar,Assignment 1,HM MZ SY HD,AI2152,2016
,13/09,13-15,E,Bure Baltzar,Assignment 2,HM MZ SY HD,AI2152,2016
,27/09,13-15,E,Bure Baltzar,Assignment 3,HM MZ SY HD,AI2152,2016
,05/09,13-15,E,Bure Christopher,Assignment 1,HM MZ SY HD,AI2152,2016
,12/09,13-15,E,Bure Faggot,Assignment 2,HM MZ SY HD,AI2152,2016
,03/10,13-15,E,Bure XQ23 XQ25,Assignment 4,HM MZ SY HD,AI2152,2016
,26/09,13-15,E,XQ23 XQ25 XQ32,Assignment 3,HM MZ SY HD,AI2152,2016
Tis,03/03,13-16,E,Baltzar,Excel (Bonus task),HSS,AI1134,2015
Tis,19/04,13-16,E,Baltzar Christopher,Grupparbete 1 (ingår i momentet INL1),HSS,AI1178,2016
Fre,20/05,15-18,E,Baltzar Christopher,Grupparbete 4 (ingår i momentet INL1),HSS,AI1178,2016
Tis,24/02,13-16,E,Bure,Excel (Bonus task),HSS,AI1134,2015
Fre,11/11,13-15,E,Christopher Baltzar,Obligatoriska datoruppgifter 1,HSS,AI1175,2016
Fre,25/11,13-15,E,Christopher Baltzar,Obligatoriska datoruppgifter 2,HSS,AI1175,2016
Fre,09/12,10-12,E,Christopher Baltzar,Obligatoriska datoruppgifter 3,HSS,AI1175,2016
Fre,09/12,13-15,E,Christopher Baltzar,Obligatoriska datoruppgifter 3,HSS,AI1175,2016
Fre,11/11,10-12,E,Christopher Nils,Obligatoriska datoruppgifter 1,HSS,AI1175,2016
Fre,25/11,10-12,E,Christopher Nils,Obligatoriska datoruppgifter 2,HSS,AI1175,2016
Fre,22/04,13-16,E,Christopher Nils,Grupparbete 2 (ingår i momentet INL1),HSS,AI1178,2016
Ons,18/05,13-16,E,Christopher Nils,Grupparbete 3 (ingår i momentet INL1),HSS,AI1178,2016
Fre,19/02,13-16,E,Faggot,Computer exercise 1,HSS,AI1134,2016
Ons,24/02,15-18,E,Faggot,Computer exercise 2,HSS,AI1134,2016
Tis,29/03,13-15,L,K1,"Introduktion Enkel linjär regressionsanalys 11.1-11.3gruppindelning",HSS,AI1178,2016
Fre,08/04,10-12,L,L1,"Korrelationsanalys CAPM och beta för aktier (ex på linjärmikroekonomisk modell) outliers 11.7-11.9",HSS,AI1178,2016
Fre,08/04,13-15,L,L1,Enkel linjär regressionsanalys kap. 11,HSS,AI1178,2016
Mån,11/04,13-15,L,L1,Multipel linjär regressionsanalys 12.1-12.4 12.8,HSS,AI1178,2016
Ons,27/04,13-15,L,L1,Multipel linjär regressionsanalys 12.5-12.7,HSS,AI1178,2016
Tis,03/05,13-15,L,L1,Multipel linjär regressionsanalys 12.9 och 13.1-13.2,HSS,AI1178,2016
Tor,12/05,13-15,L,L1,Multipel linjär regressionsanalys 13.3-13.7,HSS,AI1178,2016
Mån,16/05,13-15,L,L1,Linjär algebra (matriser och vektorer) 15.1-15.5 15.7,HSS,AI1178,2016
Tor,19/05,13-15,L,L1,"Linjär algebra (determinanter och inversa matriser) 16.1 16.6",HSS,AI1178,2016
Mån,26/01,13-15,L,L51,Valuing stocks,HSS,AI1134,2015
Fre,06/02,13-16,E,L51,Exercises Valuing stocks EMH-beh. fin.,HSS,AI1134,2015
Mån,16/02,10-12,E,L51,Exercises Derivatives II + prepare question for AMF,HSS,AI1134,2015
Tor,28/01,13-16,E,L51,Exercise Valuing stocks Delar ut övningar,HSS,AI1134,2016
Mån,01/02,10-12,L,L51,Derivatives: options (finansiella derivate optioner),HSS,AI1134,2016
Ons,03/02,08-10,L,L51,Derivatives: options and futures (Optioner och terminer),HSS,AI1134,2016
Fre,19/02,08-10,L,L51,Excel VBA and R,HSS,AI1134,2016
Tis,10/02,10-12,L,L52,Derivatives II,HSS,AI1134,2015
Ons,20/01,13-15,L,L52,"Introduction course registration. Investor or speculator.Överblick finansiella produkter",HSS,AI1134,2016
Ons,27/01,10-12,L,L52,Valuing stocks. Value-growth investor. Delar ut övningar,HSS,AI1134,2016
Ons,10/02,10-12,L,L52,Basic financial statistics,HSS,AI1134,2016
Fre,16/12,10-12,E,MacLean,Obligatoriska datoruppgifter 4,HSS,AI1175,2016
Fre,16/12,13-15,E,MacLean,Obligatoriska datoruppgifter 4,HSS,AI1175,2016
Ons,18/02,13-16,E,MacLean,Excel (Bonus task),HSS,AI1134,2015
Tis,10/02,13-16,E,Q34,Exercises Derivatives I,HSS,AI1134,2015
Ons,03/02,13-16,E,Q34,Exercise Derivatives,HSS,AI1134,2016
Mån,08/02,13-15,L,Q34,Derivatives (Black-Scholes) and basic financial statistics,HSS,AI1134,2016
Mån,09/02,10-12,L,Q36,Derivatives I,HSS,AI1134,2015
Mån,31/10,10-12,L,V1,Kursintroduktion föreläsning statistik,HSS,AI1175,2016
Ons,02/11,10-12,L,V1,Föreläsning statistik,HSS,AI1175,2016
Mån,21/11,10-12,L,V1,Föreläsning statistik,HSS,AI1175,2016
Tis,10/05,15-17,L,V1,Multipel linjär regressionsanalys 13.3-13.7,HSS,AI1178,2016
Tor,03/11,13-15,F/Ö,V2,Föreläsning och övningar statistik,HSS,AI1175,2016
Fre,04/11,13-15,F/Ö,V2,Föreläsning och övningar statistik,HSS,AI1175,2016
Tor,31/03,10-12,L,V2,Enkel linjär regressionsanalys 11.4-11.6,HSS,AI1178,2016
Ons,13/04,13-15,L,V2,Multipel linjär regressionsanalys 12.1-12.4 12.8,HSS,AI1178,2016
Mån,25/04,13-15,L,V2,Multipel linjär regressionsanalys 12.5-12.7,HSS,AI1178,2016
Fre,12/02,15-18,E,V22,Exercise Derivatives,HSS,AI1134,2016
Fre,06/02,10-12,L,V32,Basic Financial statistics.,HSS,AI1134,2015
Mån,20/01,09-11,L,V34,Introduction course registration. Investor styles and types.,HSS,AI1134,2015
Tor,29/01,13-16,E,V34,Exercise Valuing stocks,HSS,AI1134,2015
Tis,03/03,08-10,E,L51,Exercise central banking and foreign exchange market,HSS MW,AI1134,2015
Mån,29/02,13-16,E,MacLean,Computer exercise 3,HSS MW,AI1134,2016
Ons,09/03,09-12,E,Q31,EMH Forex Central Banking,HSS MW,AI1134,2016
Ons,02/03,13-16,E,Q36,EMH Forex Central Banking,HSS MW,AI1134,2016
Tis,22/11,13-15,GL*,V22,"Liljeholmstorget GalleriaThe project manager’s narrative of a real-world case –",JB,AI2808,2016
Ons,02/11,15-17,L,B1,Introduktion,JF,AI1512,2015
Fre,04/11,13-16,L,B1,Skuldebrevslagen,JF,AI1512,2015
Tor,15/12,13-15,L,B1,Frågestund,JF,AI1512,2015
Fre,11/11,10-12,WS,B23,Kredit- & skuldebrevsrätt II (åk 3),JF,AI1512,2015
Tor,01/12,10-12,L,B3,Säkerheter: Leasing återtagandeförbehåll Säkerhetsöverlåtelse separationsrätt,JF,AI1512,2015
Ons,12/10,13-16,WS,D41,Bostadsrätt III,JF,AI1521,2015
Fre,11/11,13-16,L,E3,Obeståndsrätt,JF,AI1512,2015
Ons,14/09,13-17,WS,E35,Köprätt,JF,AI1515,2016
Tis,08/11,14-16,WS,L21,Kredit- & skuldebrevsrätt I (åk 3),JF,AI1512,2015
Tis,15/11,13-15,WS,L21,ObeståndsrättI (åk 2),JF,AI1512,2015
Tis,15/11,15-17,WS,L21,Obeståndsrätt I (åk 3),JF,AI1512,2015
Tis,13/09,09-12,WS,L21,Hyra II,JF,AI1521,2015
Mån,28/11,08-10,WS,L22,Sakrätt avseende lös egendom II (åk 3),JF,AI1512,2015
Fre,16/09,08-12,WS,L22,Speciell avtalsrätt,JF,AI1515,2016
Ons,28/09,08-12,WS,L22,Sakrätt,JF,AI1515,2016
Fre,30/09,08-12,WS,L22,Fastighetsrätt,JF,AI1515,2016
Tis,04/10,08-12,WS,L22,Rättsfallsseminarium,JF,AI1515,2016
Mån,10/10,08-12,WS,L22,Förvaltningsrätt/Europarätt,JF,AI1515,2016
Ons,12/10,08-12,WS,L22,Repetition,JF,AI1515,2016
Mån,19/09,10-12,L,L22,Arrende I,JF,AI1521,2015
Tors,22/09,10-12,L,L22,Arrende II,JF,AI1521,2015
Fre,23/09,10-12,L,L22,Tomträtt,JF,AI1521,2015
Mån,26/09,09-12,WS,L22,Arrende I,JF,AI1521,2015
Tis,27/09,13-16,WS,L22,Arrende II,JF,AI1521,2015
Fre,30/09,13-16,WS,L22,Tomträtt,JF,AI1521,2015
Tors,13/10,10-12,L,L22,Frågestund,JF,AI1521,2015
Ons,16/11,13-15,WS,L52,Obeståndsrätt II (åk 2),JF,AI1512,2015
Tors,01/09,13-17,WS,M31,Personrätt/avtalsrätt,JF,AI1515,2016
Ons,09/11,15-17,WS,M36,Kredit- & skuldebrevsrätt II (åk 2),JF,AI1512,2015
Fre,14/09,13-17,WS,M38,forts. avtalsrätt,JF,AI1515,2016
Ons,07/12,08-10,WS,Q11,Säkerheter I (åk 2),JF,AI1512,2015
Ons,16/11,15-17,WS,Q15,Obeståndsrätt II (åk 3),JF,AI1512,2015
Ons,07/12,10-12,WS,Q15,Säkerheter I (åk 3),JF,AI1512,2015
Tis,30/08,08-12,WS,Q15,Intro/Juridisk metod,JF,AI1515,2016
Ons,23/11,08-10,WS,Q17,Sakrätt avseende lös egendom I (åk 2),JF,AI1512,2015
Fre,04/11,10-12,L,Q2,Kreditgivning kreditmarknad & aktörer-Regler om kreditavtal,JF,AI1512,2015
Tors,06/10,10-12,L,Q21,Bostadsrätt III,JF,AI1521,2015
Mån,03/10,10-12,L,Q22,Bostadsrätt I,JF,AI1521,2015
Mån,10/10,13-16,WS,Q22,Bostadsrätt I,JF,AI1521,2015
Tis,11/10,09-12,WS,Q22,Bostadsrätt II,JF,AI1521,2015
Ons,23/11,10-12,WS,Q24,Sakrätt avseende lös egendom I (åk 3),JF,AI1512,2015
Ons,31/08,10-12,L,Q26,Introduktion,JF,AI1521,2015
Tors,01/09,10-12,L,Q26,Nyttjanderätt till fast egendom,JF,AI1521,2015
Fre,02/09,13-15,L,Q26,Hyra I,JF,AI1521,2015
Mån,05/09,13-15,L,Q26,Hyra II,JF,AI1521,2015
Tors,08/09,13-15,L,Q26,Hyra III,JF,AI1521,2015
Mån,12/09,13-16,WS,Q26,Hyra I,JF,AI1521,2015
Tis,04/10,13-15,L,Q26,Bostadsrätt II,JF,AI1521,2015
Mån,05/12,10-12,L,Q31,Säkerheter: Pant i lös egendom borgen och företagshypotek,JF,AI1512,2015
Mån,05/12,13-15,L,Q31,Sakrätt avseende fast egendom inkl. pant,JF,AI1512,2015
Tor,17/11,13-15,L,Q36,Sakrätt avseende lös egendom I,JF,AI1512,2015
Mån,07/11,15-17,WS,V01,Kredit- & skuldebrevsrätt I (åk 2),JF,AI1512,2015
Mån,28/11,10-12,WS,V11,Sakrätt avseende lös egendom II (åk 2),JF,AI1512,2015
Tor,08/12,15-17,WS,V12,Säkerheter II (åk 3),JF,AI1512,2015
Tors,15/09,09-12,WS,V21,Hyra III,JF,AI1521,2015
Mån,21/11,13-15,L,V3,Sakrätt avseende lös egendom II,JF,AI1512,2015
Tor,08/12,13-15,WS,V33,Säkerheter II (åk 2),JF,AI1512,2015
Ons,21/09,08-12,WS,V35,Fordringsrätt,JF,AI1515,2016
Mån,10/10,08-11,E,L43,Guest lecture Public housing SABO,JH PL,AI2106,2016
Fre,11/11,10-12,F/S,B21,Tredimensionell fastighetsindelning samt ägarlägenheter,JP,AI2507,2016
Mån,05/12,10-12,L,L43,3D-rättigheter i stadsmiljö,JP,AI1519,2016
Fre,11/11,13-15,F/S,M32,Tredimensionell fastighetsindelning samt ägarlägenheter (forts.),JP,AI2507,2016
Fre,09/09,15-16,L,D2,OBS! MASTER PROGRAM INFORMATION,JP AW TKG,AI2810,2016
Tor,03/03,09-12,L,V32,3D-fastighetsbildning och tekniska förutsättningar,JP BM,AI1518,2016
Fre,04/11,10-12,GL*,F1,Brief history of Architectural Concepts-Concepts in,JR,AI2808,2016
Fre,12/02,10-12,L,V32,RICS and property valuations,JR,AI2154,2016
Fre,20/11,10-12,L,V33,Större teknisk renovering Värmesystem och stamrenovering,JW,AI1146,2015
Fre,13/02,13-15,L,B1,Presentation av Datschas ortsprissystem.,JZ,AI1147,2015
Ons,04/02,09-10,L,V21,Presentation av fastighetsanalysverktygen Datscha,JZ,AI1148,2015
Ons,16/12,09-11,L,L21,Social hållbarhet och etiska frågor,KA,AI1146,2015
Mån,28/11,10-12,L,V01,Social Hållbarhet,KA,AI1146,2016
Tor,28/04,10-12,L,Q26,Contract design and performance of railway maintenance,KO,AI2156,2016
Fre,24/4,08-10,L,Q15,Contract design and performance of railway maintenance Introduction to the seminars,KO SM,AI2156,2015
Fre,23/09,08-10,L,L22,Kalkyleringsövning ENDAST grupp A!,LB,AI1127,2016
Fre,23/09,10-12,L,Q24,Kalkyleringsövning ENDAST grupp B!,LB,AI1127,2016
Mån,01/02,10-12,L,Q15,Discount rates in valuation,LB SE,AI2154,2016
Mån,02/11,10-12,L,L22,Introduktion fastighetsförvaltning en definition,LH,AI1146,2015
Tis,03/11,13-15,L,L22,Livscykelekonomi,LH,AI1146,2015
Ons,25/11,10-12,L,Q26,Större teknisk renovering Ventilation och styrsystem,LOM,AI1146,2015
Tor,10/11,10-12,L,L31,Stadsbyggnadshistoria del 1,LR,AI1522,2016
Tis,15/11,10-12,L,L31,Stadsbyggnadshistoria del 2,LR,AI1522,2016
Tis,15/11,13-15,L,L31,Stadsbyggnadshistoria del 3,LR,AI1522,2016
Ons,31/08,10-12,L,B1,Kursintroduktion registrering och administration,LW,AI1170,2016
Ons,07/09,10-12,L,B1,Varumärkets roll & verktyg,LW,AI1170,2016
Ons,07/09,13-15,L,B1,Karin Lagerqvist Marknadschef Mood Sthlm/AMF Fastigheter: ”Case och presentation av Mood Sthlm & AMF”,LW,AI1170,2016
Tor,22/09,13-15,L,B1,Annika Jakobsson Greenpeace: ”Vad fastighetsbranchen kan göra för klimat & samhälle”,LW,AI1170,2016
Ons,28/09,13-15,L,B1,"Johanna Gavefalk svensk Fastighetsförmedling: ”Caseoch presentation av marknadsarbete förfastighetsförmedlare”.",LW,AI1170,2016
Fre,16/09,13-17,P,B21 B22 B23 B24,PRESENTATION PROJEKTARBETE 1,LW,AI1170,2016
Tor,01/09,13-15,L,B3,Målgrupper segment & marknader,LW,AI1170,2016
Ons,14/09,13-15,S,D3,Björn Ericstam DIHR: ”Corporate drama,LW,AI1170,2016
Tor,13/10,13-17,P,D3,PROJEKTARBETE 2 PRESENTATION.,LW,AI1170,2016
Fre,09/09,10-12,L,E2,Produkt- & servicedifferentiering,LW,AI1170,2016
Fre,23/09,10-12,S,L1,"Sören Runsten VD Bovieran. ”Att skapa värde-caseoch marknadsföringspraxis på Bovieran”",LW,AI1170,2016
Ons,28/09,10-12,S,L1,Anna Österlund Placebrander. ”Platsmarknadsföring som fenomen och metod”,LW,AI1170,2016
Ons,05/10,08-12,P,L51 L52,Handledning,LW,AI1170,2016
Ons,21/09,13-15,F/P,M2,Verktyg för fastighetsbranchen,LW,AI1170,2016
Fre,07/10,13-17,S,Q2,Michael Pirosanto VD Gårdstensbostäder: ”Gårdsten en god affär”,LW,AI1170,2016
Ons,31/08,13-15,L,V1,”Vad är marknadsföring?”,LW,AI1170,2016
Ons,14/09,10-12,L,V1,”Marknadskommunikation”,LW,AI1170,2016
Fre,16/09,10-12,P,V1,RESERVTID. EGET PROJEKTARBETE PÅ VALFRI PLATS OM INGET ANNAT MEDDELATS.,LW,AI1170,2016
Fre,09/09,13-15,L,V2,”Värdekedjor & Marknadskanaler”,LW,AI1170,2016
Ons,12/10,13-15,L,V2,SUMMERING INFÖR TENTA,LW,AI1170,2016
Fre,23/09,10-12,L,V21,Kalkyleringsövning grupp B,MA,AI1126,2016
Mån,07/11,10-12,L,B24,Värderingar och ersättningsregler enligt FBL och ExprL,ME,AI1519,2016
Tis,22/11,10-12,L,B24,Panträttsprövning vid förändrad fastighetsindelning,ME,AI1519,2016
Ons,16/11,10-12,L,K53,Generella villkor vid fastighetsbildning-ändamålsenlig markanvändning (3 kap FBL),ME,AI1519,2016
Mån,31/10,13-15,L,L43,Nybildning av fastigheter (10 kap FBL),ME,AI1519,2016
"Ons Ons 14/12",14/12,13-15,L,L43,Allmänna och enskilda vägar samt järnvägar (VägL AL LBJ),ME,AI1519,2016
Mån,28/11,10-12,L,M23,Anläggningslagen (AL),ME,AI1519,2016
Ons,02/11,10-12,L,Q11,Nybildning av fastigheter (11-12 kap FBL),ME,AI1519,2016
Mån,14/11,10-12,L,Q24,Ersättningsregler forts. samt bildande av samfälligheter (6 kap FBL),ME,AI1519,2016
Ons,30/11,10-12,L,Q24,Förvaltning av gemensamma anläggningar (SFL) och led- ningsrättslagen (LL),ME,AI1519,2016
Fre,26/02,10-12,L,Q36,Servitut och nyttjanderätter (7 kap FBL och JB),ME,AI1518,2016
Ons,02/11,13-15,L,V12,Fastighetsreglering-marköverföring (5 kap FBL),ME,AI1519,2016
Mån,25/01,10-12,L,V22,Nybildning av fastigheter (10-12 kap FBL),ME,AI1518,2016
Mån,01/02,10-12,L,V22,Ersättningsbestämmelser och principer i ExL och FBL,ME,AI1518,2016
Mån,01/02,13-17,Ö,V22,Avstyckning och klyvning Ö 1,ME,AI1518,2016
Mån,08/02,10-12,L,V22,Panträttsprövning vid förändrad fastighetsindelning,ME,AI1518,2016
Mån,08/02,13-17,Ö,V22,Sammanläggning och fastighetsreglering Ö 2,ME,AI1518,2016
Mån,22/02,10-12,L,V22,Anläggningslagen (AL) lagen om förvaltning av samfälligheter (SFL) och ledningsrätt (LL),ME,AI1518,2016
Mån,22/02,13-17,Ö,V22,Anläggningslagen lagen om förvaltning av samfälligheter och ledningsrätt Ö 4,ME,AI1518,2016
Fre,26/02,13-17,Ö,V22,Servitut och nyttjanderätter Ö 5,ME,AI1518,2016
Mån,29/02,10-12,L,V22,Fastighetsbestämning (14 kap FBL) lagen om byggande av järnväg (LBJ) och fastighetsregister,ME,AI1518,2016
Fre,01/04,13-15,L,V23,Ledarskap I,ME,AI1125,2016
Mån,25/01,13-15,L,V32,Fastighetsreglering-marköverföring (5 kap FBL),ME,AI1518,2016
Ons,31/08,13-15,L,E35,Geodetisk mätteknik.,MH,AI1127,2016
Fre,09/09,08-12,E,MacLean,Mätteknik databehandling och analys.,MH,AI1127,2016
Mån,12/10,10-12,L,B3,Chapter 12,MW,AI2152,2015
,04/10,08-10,L,D2,Time series analysis II,MW,AI2152,2016
Mån,28/09,10-12,L,E3,Chapter 9,MW,AI2152,2015
Fre,27/02,10-12,L,L1,Ortsprismetod II: Regressionsanalys.,MW,AI1147,2015
Tor,01/10,08-10,L,L1,Chapter 14,MW,AI2152,2015
,10/10,10-12,L,L1,Forecasting,MW,AI2152,2016
,11/10,10-12,L,L1,TBA,MW,AI2152,2016
Tis,24/02,08-10,L,L51,Central banking I,MW,AI1134,2015
Tis,23/02,08-10,L,L51,Forex lecture,MW,AI1134,2016
Mån,29/02,10-12,L,L51,Central Banking I,MW,AI1134,2016
Tis,01/03,15-17,L,L51,Central Banking II,MW,AI1134,2016
Mån,23/02,13-15,L,L52,Foreign Exchange market,MW,AI1134,2015
Ons,04/03,10-12,E,L52,Central banking III,MW,AI1134,2015
Ons,17/02,10-12,E,L52,Efficient Market Hypothesis,MW,AI1134,2016
Ons,02/03,10-12,L,L52,Central Banking III,MW,AI1134,2016
,03/10,08-10,L,M1,Time series analysis I,MW,AI2152,2016
Mån,14/09,10-12,L,M2,Chapter 11,MW,AI2152,2015
Tor,08/10,10-12,L,M2,Chapter 14,MW,AI2152,2015
Mån,12/09,13-15,L,Q22,Lecture 5,MW,AI2153,2016
Ons,07/09,10-12,L,Q26,Lecture 4,MW,AI2153,2016
Mån,19/09,13-15,L,Q26,Lecture 7,MW,AI2153,2016
Mån,02/02,10-12,L,Q36,Efficient Market Hypothesis (EMH) vs Behavioral Finance,MW,AI1134,2015
Tor,25/02,10-12,L,V1,Ortsprismetoden   del 2: Regressionsanalys.,MW,AI1147,2016
,26/09,10-12,L,V1,Cluster analysis,MW,AI2152,2016
Mån,02/03,13-15,L,V32,Central banking II,MW,AI1134,2015
Ons,14/10,13-15,L,E31,Lecture 11 Guest Lecture,MW EB,AI2153,2015
Fre,13/02,09-12,S,M33,Koncernbegreppet och förvärvsanalys. Revision,NG,AI1142,2015
Ons,10/02,08-10,S,Q22,Koncernbegreppet och förvärvsanalys. Revision,NG,AI1142,2016
Ons,24/02,10-12,L,Q2,Vad påverkar aktiekurser?,NL,AI1142,2016
Tor,06/10,10-12,L,B1,Reserve time,NN,AI1108,2016
Tor,08/10,10-12,L,B2,Reserve time,NN,AI1108,2015
Tis,13/09,10-12,L,M2,Reserve time,NN,AI1108,2016
Tis,24/02,10-12,L,V22,Rubrik meddelas senare,NN,AI1142,2015
Tor,12/11,10-12,L,L22,Att jobba som extern förvaltare,ON,AI1146,2015
Mån,07/11,13-15,L,V11,Fastighetsförvaltarens roll,ON,AI1146,2016
Fre,04/11,14-16,L*,K2,Managing Construction Projects and Project Mission,OW,AI2808,2016
Fre,02/12,10-12,L,L51,Leading the Project Coalition,OW,AI2808,2016
Fre,18/11,10-12,L,L52,Riding the Project Life Cycle Mobilizing the Resource,OW,AI2808,2016
Fre,11/11,10-12,L*,Q36,Mobilizing the Resource Base Project Mission,OW,AI2808,2016
Fre*,09/09,13-15,L,V1,Guest lecture: Knowledge management and evaluation: A management perspective,OW,AI2806,2016
Tis,13/10,09-12,S,3112,Seminarium 6-Rättvisa och effektivitet,PE,AI2505,2015
Mån,26/09,08-10,L,B1,Vad får man göra på marken?,PE,AI1126,2016
Mån,26/09,08-10,L,B1,Vad får man göra på marken?,PE,AI1127,2016
Tis,01/11,13-14,L,B21,Introduktion till kursen,PE,AI2507,2016
Tis,01/11,14-15,L,B21,Rättskällor översikt FBL m.m.,PE,AI2507,2016
Fre,11/11,08-10,L,B21,Rättigheter vid fastighetsbildning,PE,AI2507,2016
Tis,15/11,13-15,Ö,B21,Klyvning,PE,AI2507,2016
Fre,18/11,10-12,F/S,B21,Lämplighetsbedömning vid fastighetsbildning (del 1 av 2),PE,AI2507,2016
Tis,22/11,13-15,F/S,B21,Lämplighetsbedömning vid fastighetsbildning (del 2 av 2),PE,AI2507,2016
Fre,25/11,08-12,Ö,B21,Fastighetsbestämning,PE,AI2507,2016
Fre,02/12,10-12,S/Ö,B21,Fastighetsbildningsförrättning-förfaranderegler (del 1 av 2),PE,AI2507,2016
Fre,09/12,08-10,F/S,B21,Panträttsprövning vid fastighetsbildning,PE,AI2507,2016
Fre,09/12,10-15,Ö,B21,Fastighetsreglering-tvångsvis marköverföring,PE,AI2507,2016
Tis,20/12,13-15,Ö,B21,Råby under 300 år (forts.),PE,AI2507,2016
Tis,20/12,15-17,S,B21,Utveckling av markanv. & fastighetsstrukturer (Råby),PE,AI2507,2016
Tis,20/12,17-18,,B21,"Avslutning Råby-övningKursavslutning",PE,AI2507,2016
Tis,06/12,13-15,S/Ö,B22,Fastighetsbildningsförrättning-förfaranderegler (del 2 av 2),PE,AI2507,2016
Mån,28/11,13-15,L,B23,Annan jorddelning (än skifte),PE,AI1522,2016
Fre,04/11,10-12,L,B23,Tillåten markanvändning-fastighetsbildning,PE,AI2507,2016
Tis,15/11,15-17,Ö,B23,Klyvning (forts.),PE,AI2507,2016
Tis,13/12,13-14,L,B23,Privata jorddelningar legalisering och äganderättsutredning,PE,AI2507,2016
Tis,13/12,14-17,L,B23,Historisk utveckling landsbygd,PE,AI2507,2016
Tis,13/12,17-18,Ö,B23,Introduktion till Råby-övning. Film: När lantmätaren kom till byn,PE,AI2507,2016
Fre,16/12,08-10,L,B23,Historisk utveckling städer,PE,AI2507,2016
Fre,16/12,10-12,Ö,B23,Råby under 300 år,PE,AI2507,2016
Ons,23/11,13-15,L,B24,Landsbygdens skiftesreformer,PE,AI1522,2016
Ons,30/11,10-12,L,B24,Markägande och besittningsrätt m.m.,PE,AI1522,2016
Fre,04/11,13-15,L,B24,Servitut,PE,AI2507,2016
Tis,08/11,14-18,Ö,B24,Servitut,PE,AI2507,2016
Ons,30/11,13-16,Ö,D42,Övning 2: Analys av bykartor,PE,AI1522,2016
Mån,05/12,13-16,Ö,E33,Övning 2: Analys av bykartor (inlämning se nedan),PE,AI1522,2016
Tis,08/09,09-12,S,L44,Seminarium 1-Rättighetsfördelningar,PE,AI2505,2015
Tis,15/09,09-12,S,Q13,Seminarium 2-Externa effekter,PE,AI2505,2015
Ons,07/12,10-12,L,Q17,Äganderätt och fastighetsindelning och dess betydelse vid markexploatering,PE,AI1519,2016
Tis,01/09,09-12,L,Q31,Introduktion till kursen och ämnesområdet,PE,AI2505,2015
Fre,16/12,13-15,Ö,V12,Råby under 300 år (forts.),PE,AI2507,2016
Ons,03/02,10-12,L,V22,Äganderätt och fastighetsindelning,PE,AI1518,2016
Ons,24/02,10-11,L,V22,Vattenrätt,PE,AI1518,2016
Ons,24/02,11-12,L,V22,Fastighetsutveckling stad och land,PE,AI1518,2016
Tor,03/11,16-18,Ö,B24,Övning 1 och 2: Kartdatabaser m.m. (obligatorisk närvaro).,PE HM,AI1522,2016
Tis*,06/09,15-17,GL,Q22,Guest lecture: Current research on knowledge management in construction,PEE,AI2806,2016
Ons,09/11,14-16,L,D32,Introduktion Datscha,PJ,AI1146,2016
Fre,12/02,10-12,L,L1,Datscha-en introduktion,PJ,AI1142,2016
Fre,12/02,10-12,L,L1,Presentation av Datschas ortsprissystem.,PJ,AI1147,2016
Mån,25/01,02-12,L,V11,Datscha presentation. Real estate values markets and market failures,PJ SE,AI2154,2016
Tis,10/02,08-10,L,B1,Värdering av kommersiella  fastigheter  i praktiken.,PL,AI1147,2015
Tor,18/02,08-10,L,B1,Värdering av kommersiella  fastigheter  i praktiken.,PL,AI1147,2016
Ons,24/02,13-16,L,V22,Väglagen (VägL) markåtkomst och vägteknik,PL AW,AI1518,2016
Fre,30/01,10-11,L,L52,Presentation av fastighetsanalysverktygen NaiSvefa,PM,AI1148,2015
Tis*,26/04,09-12,GL,Q22,Project management-demonstration of a SW VICO,PM,AI2805,2016
Tis,08/11,14-16,L,L51,What is design?-an introduction to design theory,PP,AI2808,2016
Fre,11/11,13-15,L,L51,Problem Solving and design thinking,PP,AI2808,2016
Tis,15/11,13-15,IW*,L51,Architectural concept through academic literature,PP,AI2808,2016
Fre,25/11,10-12,L,L51,"Liljeholmstorget GalleriaDesign in Groups-Organizational and Social Aspects of",PP,AI2808,2016
Fre,25/11,13-15,RS*,L51,"DesignReflection seminar I (on case narratives)",PP,AI2808,2016
Tis,06/12,10-12,GW*,L51,Group work and consultation for visual presentation,PP,AI2808,2016
Tis,13/12,13-15,S*,L51,Final seminar- Visual presentation,PP,AI2808,2016
Tis,06/12,13-15,GW*,L52,Group work and consultation for visual presentation,PP,AI2808,2016
Fre,09/12,10-12,IW,L52,Consultation for the essay,PP,AI2808,2016
Tis,15/11,10-12,L,Q33,Design strategies and design tactics,PP,AI2808,2016
Tis,13/12,10-12,S*,Q33,Final seminar- Visual presentation,PP,AI2808,2016
Tis,01/11,10-12,L*v,Q34,Course introduction and presentation of assignments,PP,AI2808,2016
Fre,02/12,13-15,RS*,V22,Reflection seminar II (on panel discussion),PP,AI2808,2016
Tis,29/11,10-12,GW*,V32,Architectural concepts-Best practices,PP,AI2808,2016
Tis,29/11,13-15,PD*,L51,"Panel discussion on concept development andcollaboration",PP CG MG LF,AI2808,2016
Fre,30/01,11-12,L,B1,Värdering av småhus  i praktiken.,RE,AI1147,2015
Mån,10/10,08-10,L,M35,Fastighetsförmedling.,RE,AI1127,2016
Tis,03/02,15-17,L,B1,Avkastningsmetoder. Prod.kostnadsmetoden.,RG,AI1147,2015
Fre,23/01,10-12,L,B3,Ortsprismetoder I.,RG,AI1147,2015
Tis,20/01,13-15,L,K1,Kursintroduktion och registrering.Värdeteori.,RG,AI1147,2015
Tis,03/03,10-12,L,L1,Summering. Tentaförberedelser.,RG,AI1147,2015
Fre,22/01,10-12,L,L1,Ortsprismetoden del 1.,RG,AI1147,2016
Fre,05/02,11-12,L,L1,Analys av hyreskontrakt.,RG,AI1147,2016
Tis,19/01,10-12,L,V1,Kursintroduktion och registrering.Värdeteori.,RG,AI1147,2016
Tis,02/02,10-12,L,V1,Avkastningsmetoder.,RG,AI1147,2016
Tis,01/03,10-12,L,V1,Summering. Tentaförberedelser.,RG,AI1147,2016
Tis,22/11,09-12,WS,E53,Hyra 1,RH,AI1517,2016
Tis,01/11,09-12,L,Q15,Introduktion,RH,AI1517,2016
Fre,04/11,09-12,L,Q15,Köp av fast egendom,RH,AI1517,2016
Tor,10/11,09-12,WS,Q22,Köp av fast egendom II,RH,AI1517,2016
Tis,08/11,09-12,WS,V01,Köp av fast egendom I,RH,AI1517,2016
Fre,11/11,09-12,WS,V01,Köp av fast egendom III,RH,AI1517,2016
Tor,24/11,13-16,WS,V01,Hyra II,RH,AI1517,2016
Tis,15/11,09-12,L,V11,Intro nyttjanderätter och servitut,RH,AI1517,2016
Fre,18/11,09-12,L,V11,Lokalhyra,RH,AI1517,2016
Tis,29/11,09-11,L,V21,Introduktion Pant,RH,AI1517,2016
Fre,16/12,10-12,L,V21,Frågestund,RH,AI1517,2016
Ons*,27/04,09-12,GL,V21,IT-based project management / logistics,RJ,AI2805,2016
Fre,18/11,13-15,GL,M33,"BaseDome of Vision-Architect’s perspective",SD,AI2808,2016
Tor,13/10,15-18,S,B21,Group B Term paper presentation,SE,AI2106,2016
Tor,13/10,08-11,S,B23,Group A Term paper presentation,SE,AI2106,2016
Fre,12/02,13-16,E,Bure,Block B assignment-Group work,SE,AI2154,2016
Mån,08/02,09-12,E,Christopher,Block B Exercise Risk measures and scenarios in valuation,SE,AI2154,2016
Fre,26/02,10-12,L,E32,Valuation with leverage. Financial crisis and valuation. Block C assignment presentation,SE,AI2154,2016
Mån,12/09,15-18,E,Faggot,Ex.2 Group A MyEconLab,SE,AI2106,2016
Ons,14/09,15-18,E,Faggot,Ex.2 Group B MyEconLab,SE,AI2106,2016
Tor,15/09,08-11,E,Faggot,Ex.3 Group A MyEconLab,SE,AI2106,2016
Tor,15/09,13-16,E,Faggot,Ex.3 Group B MyEconLab,SE,AI2106,2016
Mån,19/09,15-18,E,Faggot,Ex.4 Group A MyEconLab,SE,AI2106,2016
Ons,21/09,15-18,E,Faggot,Ex.4 Group B MyEconLab,SE,AI2106,2016
Tor,22/09,10-12,E,Faggot,Ex.5 Group A MyEconLab,SE,AI2106,2016
Tor,22/09,13-16,E,Faggot,Ex.5 Group B MyEconLab,SE,AI2106,2016
Ons,28/09,15-18,E,Faggot,Ex.6 Group A MyEconLab,SE,AI2106,2016
Tor,29/09,08-10,E,Faggot,Ex.6 Group B MyEconLab,SE,AI2106,2016
Mån,03/10,08-11,S,L41,Ex.7 group A Property cycles,SE,AI2106,2016
Mån,03/10,15-18,S,L41,Ex.7 group B Property cycles,SE,AI2106,2016
Mån,29/08,08-10,L,L52,Course introduction,SE,AI2106,2016
Tor,01/09,08-10,L,L52,Property cycles 1,SE,AI2106,2016
Fre,22/01,10-12,L,M36,Introduction. International valuation,SE,AI2154,2016
Mån,05/09,15-18,E,MacLean,Ex.1 Group A MyEconLab,SE,AI2106,2016
Ons,07/09,15-18,E,MacLean,Ex.1 Group B MyEconLab,SE,AI2106,2016
Tor,06/10,08-11,E,Q11,Ex.8 group A Property cycles,SE,AI2106,2016
Mån,15/02,10-12,L,Q15,Transparency in valuation. Valuation for IFRS. Block B assignment presentation,SE,AI2154,2016
Fre,19/02,13-16,S,Q15,Seminar RICS Ethical issues,SE,AI2154,2016
Tor,01/09,10-12,L,Q21,Property cycles 2,SE,AI2106,2016
Tor,22/09,08-10,L,Q21,Propery cycles 4,SE,AI2106,2016
Fre,26/02,13-16,E,Q22,Valuation with leverage. Financial crisis and valuation. Block C assignment presentation,SE,AI2154,2016
Mån,07/03,13-16,E,Q22,Block D assignment presentation,SE,AI2154,2016
Tor,06/10,13-16,E,Q24,Ex.8 group B Property cycles,SE,AI2106,2016
Mån,29/02,13-16,E,Q26,Block D assignment-Group work,SE,AI2154,2016
Fre,29/01,13-15,L,V21,Underlying drivers in valuation,SE,AI2154,2016
Fre,05/02,10-12,L,V21,Risk measures and scenarios in valuation,SE,AI2154,2016
Mån,15/02,13-16,E,V21,Transparency in valuation. Valuation for IFRS. Block B assignment presentation,SE,AI2154,2016
Tor,08/09,10-12,L,V22,Property cycles 3,SE,AI2106,2016
Mån,22/02,13-16,E,V23,Valuation of green buildings. Assessment of environmental damages. Block C assignment Group work,SE,AI2154,2016
Fre,29/01,09-12,E,V32,Block A assignment-Group work,SE,AI2154,2016
Mån,01/02,13-16,E,V32,Block A assignment presentation,SE,AI2154,2016
Ons,12/10,15-19,L,Q21,Summing up,SE HSS,AI2106,2016
Ons,23/09,14-16,L,B23,Lecture 6,SJ,AI2153,2015
Ons,30/09,13-15,E,Faggot,Exercise,SJ,AI2153,2015
Ons,02/09,13-15,L,L41,Lecture 1,SJ,AI2153,2015
Ons,07/10,15-17,E,Nils,Exercise,SJ,AI2153,2015
Ons,30/09,08-10,L,V01,Lecture 8,SJ,AI2153,2015
Ons,07/10,13-15,L,V21,Lecture 9,SJ,AI2153,2015
Fre,25/09,13-15,L,V23,Lecture 7,SJ,AI2153,2015
Ons,09/11,10-12,L,Q17,Egen regi eller outsourcing,SK,AI1146,2016
Tor,28/04,16-17,L,Q26,Residential properties (1),SK,AI2156,2016
Ons,14/09,10-12,L,V01,Lecture 6,SK,AI2153,2016
Ons,21/09,10-12,L,B3,Ekonomiska kalkyler i samhällsbyggandet,SM,AI1126,2016
Ons,21/09,12-12,L,B3,Ekonomiska kalkyler i samhällsbyggandet.,SM,AI1127,2016
Mån,27/4,12-14,,BYFA,Available for discussion,SM,AI2156,2015
Mån,04/5,12-14,,BYFA,Available for discussion,SM,AI2156,2015
Tis,12/5,08-10,,BYFA,Available for discussion,SM,AI2156,2015
Mån,22/02,10-12,L,Q15,Valuation of green buildings. Assessment of environmental damages. Block C assignment Group work,SM,AI2154,2016
Tis,28/4,15-18,S,Q15,Seminar I,SM,AI2156,2015
Tor,31/03,08-10,L,Q15,Introduction Microeconomics recap. (Ch. 1 & 2),SM,AI2156,2016
Tor,14/04,10-12,L,Q15,Recap (Ch. 1-10) + Notes on strategies (Ch. 11),SM,AI2156,2016
Tor,12/05,09-12,S,Q17,Seminar II,SM,AI2156,2016
Tor,31/03,10-12,L,Q22,Game Theory Useful Benchmarks & the Principal Agent Model (Ch. 2– 5),SM,AI2156,2016
Tor,07/04,08-10,L,Q22,P-A Model Cont. & Hidden Action (Ch. 6),SM,AI2156,2016
Tor,14/04,08-10,L,Q22,Incomplete Contracts (Ch. 8-10),SM,AI2156,2016
Tor,14/04,13-16,E,Q22,Problem set discussion + Introduction to the seminars,SM,AI2156,2016
Tor,28/04,13-16,S,Q22,Seminar I,SM,AI2156,2016
Tor,22/01,13-15,L,Q26,Markets and market failures,SM,AI2154,2015
Tor,07/04,10-12,L,Q26,Hidden Action Cont. (Ch. 6),SM,AI2156,2016
Fre,30/01,10-12,L,Q34,Discount rates in valuation,SM,AI2154,2015
Ons,04/02,10-12,L,V01,Valuation of green buildings. Assessment of environmental damages.,SM,AI2154,2015
Fre,27/3,10-12,L,V01,P-A Model Cont. & Hidden Action (Ch. 6),SM,AI2156,2015
Ons,01/4,08-10,L,V01,Incomplete Contracts,SM,AI2156,2015
Tor,07/05,10-12,L,V11,Local Government and metropolitan governance,SM,AI2155,2015
Tis,10/05,13-15,L,V11,UE-Local Government and metropolitan governance,SM,AI2155,2016
Mån,23/3,10-12,L,V11,Introduction Microeconomics recap. (Ch. 1 & 2),SM,AI2156,2015
Tis,24/3,08-10,L,V11,Game Theory Useful Benchmarks & the Principal-Agent Model (Ch. 2-5),SM,AI2156,2015
Mån,30/3,08-10,L,V11,Hidden Action Cont.,SM,AI2156,2015
Tis,31/3,08-10,L,V11,Hidden Characteristics,SM,AI2156,2015
Mån,13/4,08-10,L,V11,Recap (Ch. 1-10) + Notes on strategies,SM,AI2156,2015
Ons,15/4,08-10,L,V11,NOT USED,SM,AI2156,2015
Tor,07/04,13-15,L,V11,Hidden Characteristics (Ch. 7),SM,AI2156,2016
Tor,19/05,13-16,S,V23,Seminar III,SM,AI2156,2016
Tis,05/5,09-12,S,Q15,Seminar II,SM HL,AI2156,2015
Tis,12/5,13-16,S,V21,Seminar III,SM HL,AI2156,2015
Fre,11/03,10-12,L,Q15,Summing up,SM SE,AI2154,2016
Tis,20/01,13-15,L,V22,Allmän fastighetsrätt/centrala begrepp mm (för SPL),SU,AI1518,2016
Tis*,13/09,15-17,S,E32,CHECK UP EXAM (dugga),SV,AI2806,2016
Tis*,30/08,15-17,L,E36,Lecture 1: Introduction to course course project and literature,SV,AI2806,2016
Fre,02/09,13-15,GL,E51,Lecture 3: Final lecture introduction to individual papers and course project,SV,AI2806,2016
Ons,31/08,13-15,L,L52,Lecture 2: Knowledge management concepts tools methods and processes,SV,AI2806,2016
Tis,27/09,15-17,TW,Q22,Progress report with group project managers,SV,AI2806,2016
Ons*,14/09,13-15,S,Q31,Planning of individual papers and course project (see step 2 described in course PM),SV,AI2806,2016
Fre*,14/10,13-15,S,V01,"PRESENTATION OF COURSE PROJECTHome exam handed out",SV,AI2806,2016
,27/09,08-10,L,F2,Panel data,SY,AI2152,2016
,30/08,13-15,L,Bure Christopher,Stata tutorial II,SY HD HM MZ,AI2152,2016
,29/08,13-15,L,Bure MacLean,Stata tutorial I,SY HD HM MZ,AI2152,2016
,11/10,13-15,E,Bure MacLean,Assignment 5,SY HD HM MZ,AI2152,2016
Mån,08/12,10-12,L,B1,Aktuella forskningsfrågor: Stambyte vs relining,TaK,AI1146,2015
Tis,09/02,08-10,,B23,Ekonomisk utvärdering av markanvändningsplaner.,TK,AI1524,2016
Tis,06/10,09-12,S,B24,Seminarium 5-Ersättningsfrågor,TK,AI2505,2015
Tor,10/11,14-16,L,D3,Lecture 5 - Interpersonal skills II (TK),TK,AI2127,2016
Tis,06/12,10-12,L,E2,Lecture 9 - Closing Lecture (TK),TK,AI2127,2016
Ons,27/01,10-12,,L31,… forts. Avgifter för gatukostnader,TK,AI1524,2016
Ons,03/02,10-12,,L31,Genomförandeavtal. Exploateringsavtal och markanvisningsavtal.,TK,AI1524,2016
Fre,04/11,15-17,L,L52,Lecture 2-Personal skills I (TK),TK,AI2127,2016
Tis,19/01,08-10,,M38,Kursintroduktion. Vad innebär markexploatering?,TK,AI1524,2016
Tis,26/01,08-10,,M38,Byggande drift och finansiering av gemensamma anordningar.,TK,AI1524,2016
Tis,02/02,08-10,,M38,Markförvärv i exploateringsprocessen,TK,AI1524,2016
Ons,10/02,08-10,,M38,Fördelning av kostnader och intäkter vid en markexploatering.,TK,AI1524,2016
Tor,10/11,10-12,L,Q2,Lecture 4-Inter-personal skills I (TK),TK,AI2127,2016
Fre,11/11,15-17,L,Q34,Lecture 6 - Group skills I (TK),TK,AI2127,2016
Mån,09/05,10-12,L,V1,Organisation I,TK,AI1125,2016
Tis,10/05,13-15,L,V1,Organisation III,TK,AI1125,2016
Tor,07/04,10-12,L,V23,Individen i organisationen III,TK,AI1125,2016
Mån,25/04,10-12,L,V23,Grupprocesser II,TK,AI1125,2016
Tis,17/05,10-12,S,V23,3. Organisationen grupp 2,TK,AI1125,2016
Tor,19/05,10-12,S,V23,3. Organisationen grupp 4,TK,AI1125,2016
Tis,10/05,10-12,L,V3,Organisation II,TK,AI1125,2016
Tis,19/04,10-12,L,V33,Individen i organisationen IV,TK,AI1125,2016
Mån,16/05,10-12,S,V33,3. Organisationen grupp 1,TK,AI1125,2016
Ons,18/05,10-12,S,V33,3. Organisationen grupp 3,TK,AI1125,2016
Tis,29/11,10-12,L,V34,Lecture 7 - Group skills II (TK),TK,AI2127,2016
Tor,01/12,10-12,L,V34,Lecture 8 - Group skills III (TK),TK,AI2127,2016
Fre,14/10,08-12,S,B2,Feedback seminar on final reports course closing and lessons learned. Assessment.,TKG,AI2810,2016
Fre,02/09,15-18,L,D2,MOSTLY REPETITION. Concepts theories and models in project management.,TKG,AI2810,2016
Fre,09/09,16-18,L,D2,PROJECTS IN THE BUILT ENVIRONMENT,TKG,AI2810,2016
Tis,13/09,15-17,L,D2,COMMUNICATION IN CONSTRUCTION,TKG,AI2810,2016
Tis,20/09,16-18,L,D2,PROJECT DEVELOPMENT PROCUREMENT,TKG,AI2810,2016
Fre,23/09,15-17,L,D2,COMMUNICATION solutions processes and tools,TKG,AI2810,2016
Tis,04/10,15-17,L,D2,RETHORIC or how to get people to listen engage and remember.,TKG,AI2810,2016
Fre,07/10,15-16.,S,D2,Literature seminar (teams 1-10),TKG,AI2810,2016
Fre,07/10,16-17,S,D2,Literature seminar (teams 11-20),TKG,AI2810,2016
Tis,11/10,15-16,S,D2,Literature seminar (teams 21-30),TKG,AI2810,2016
Tis,11/10,16-17,S,D2,Literature seminar (teams 31-40),TKG,AI2810,2016
,01/02,13-15,,E36,Contract Management I (TKG),TKG,AI2809,2016
Tis,30/8,15-18,L,K1,COURSE INTRODUCTION. CASE-PROJECTS,TKG,AI2810,2016
Tis*,05/04,09-12,GL,Q26,IT-strategies. Example from a construction company (NCC)-Viktor Davidov,VD,AI2805,2016
Ons,30/09,15-16,L,Q15,Guest Lecture,VS,AI2153,2015
Tis,29/03,09-12,L,Q15,Introduction to the Course State of the art and Trends in the development of IT tools in the construction sector.,VT,AI2805,2016
Ons,13/04,09-12,L,Q15,Information Modelling (2)-Collaboration BH chapters 3,VT,AI2805,2016
Tis,19/04,09-12,L,Q15,Information Modelling (3)-Processes,VT,AI2805,2016
Ons,20/04,09-12,L IW,Q15,IT-Standards-Concepts Formats and Processes-Introduction. Consultation,VT,AI2805,2016
Tis,03/05,09-12,L,Q15,IT-Standards-Concepts Formats and Processes-Specific standards,VT,AI2805,2016
Tis,12/04,09-12,L,Q22,Information Modelling (1)-Understanding the information BH chapters 1 and 2,VT,AI2805,2016
Ons,04/05,09-12,L,Q22,BIM for the different disciplines in the industry BH chapters 4 5 6 and 7,VT,AI2805,2016
Tis*,17/05,09-12,S,Q22,Final seminar group presentations,VT,AI2805,2016
Tis,10/05,09-12,L IW,V11,Industrial IT-Platforms and Tools. Case Studies and Visions.  BH chapters 8 and 9,VT,AI2805,2016